OrderID,CustomerName,Product,Category,Quantity,Price,OrderDate,Country
1001,Emily Hays,Yoga Mat,Sports,1,66.11,2025-04-12,France
1002,Tom Rodriguez,Bookshelf,Furniture,4,147.13,2025-03-02,Australia
1003,Erica Chen,Water Bottle,Sports,5,378.69,2025-05-24,USA
1004,Diane Wilkerson,Microwave,Home Appliances,5,183.69,2025-08-30,USA
1005,Michaela Parker,Wireless Mouse,Electronics,4,216.42,2025-09-10,India
1006,Edgar Baldwin,Office Chair,Furniture,1,694.45,2024-11-25,USA
1007,Janice Hall,Yoga Mat,Sports,4,187.7,2025-02-15,UK
1008,Cindy Petty,Sneakers,Clothing,4,304.85,2024-10-20,Australia
1009,Mary Brown,T-shirt,Clothing,5,117.22,2025-09-09,Australia
1010,Noah Reyes,Laptop,Electronics,1,88.66,2025-08-16,India
1011,Charles Graham,Water Bottle,Sports,4,567.07,2025-01-19,Germany
1012,Edwin Norton,Desk Lamp,Home Decor,1,122.32,2025-05-18,Germany
1013,John Sexton,Yoga Mat,Sports,5,275.46,2025-06-26,Canada
1014,Erin Tran,Coffee Maker,Home Appliances,1,486.06,2024-11-09,Germany
1015,John Green,Headphones,Electronics,5,74.62,2025-06-15,USA
1016,Martin Foster,Microwave,Home Appliances,4,444.47,2025-02-04,Australia
1017,Anthony Morrow,Yoga Mat,Sports,3,422.03,2025-04-04,Canada
1018,Kylie Weaver,Running Shoes,Sports,4,122.41,2024-11-15,USA
1019,Stacy Williams,Headphones,Electronics,3,240.11,2024-10-24,France
1020,Amber Anderson,Microwave,Home Appliances,3,164.87,2025-09-03,Canada
1021,Christian Green,Sneakers,Clothing,2,639.78,2024-11-24,USA
1022,John Cook,Running Shoes,Sports,2,444.38,2024-11-20,UK
1023,Arthur Castillo,Desk Lamp,Home Decor,1,321.67,2025-04-08,USA
1024,Mary Ramirez,Sneakers,Clothing,4,70.35,2025-08-02,USA
1025,Suzanne Young,Desk Lamp,Home Decor,4,354.8,2024-10-23,India
1026,Teresa Crane,Office Chair,Furniture,1,53.35,2025-09-09,India
1027,Amanda Norton,Coffee Maker,Home Appliances,1,50.8,2025-07-31,France
1028,Connie Hernandez,Coffee Maker,Home Appliances,2,578.34,2025-03-25,Germany
1029,Jennifer Barnes,Microwave,Home Appliances,4,384.82,2025-08-15,France
1030,Richard Mendoza,Headphones,Electronics,4,642.13,2024-10-29,UK
1031,Nathan Warren,Office Chair,Furniture,4,254.65,2025-08-10,Canada
1032,Christopher Moore,Bookshelf,Furniture,1,59.8,2025-07-08,Germany
1033,Kevin Nelson,Sneakers,Clothing,3,145.75,2024-11-14,India
1034,Jennifer Hanson,Headphones,Electronics,3,519.28,2024-11-09,Germany
1035,Krystal Salazar,Water Bottle,Sports,3,516.84,2025-05-09,Germany
1036,Amanda Ho,T-shirt,Clothing,2,473.04,2025-07-04,Germany
1037,Darryl Monroe,Smartphone,Electronics,5,592.49,2025-02-28,France
1038,Mathew Montgomery,Wireless Mouse,Electronics,2,638.21,2025-08-07,Canada
1039,Jason Sullivan,Desk Lamp,Home Decor,5,91.68,2025-08-11,Australia
1040,Cory Martinez,Sneakers,Clothing,2,262.69,2024-11-21,India
1041,Daniel Newman,Coffee Maker,Home Appliances,4,94.82,2024-11-29,USA
1042,Mr. Stephen Rojas II,Bookshelf,Furniture,4,369.84,2025-01-05,Germany
1043,Brad Lewis,Microwave,Home Appliances,1,109.2,2025-03-04,Australia
1044,Amy Walsh,Office Chair,Furniture,1,15.22,2024-12-05,India
1045,Andrea Kim,Office Chair,Furniture,1,81.23,2024-12-28,UK
1046,Victoria Solis,Sneakers,Clothing,5,110.16,2025-01-31,India
1047,Tiffany Anderson,Running Shoes,Sports,1,244.27,2025-02-06,UK
1048,Dalton Avila,Laptop,Electronics,5,247.53,2025-08-04,USA
1049,Antonio Payne,Running Shoes,Sports,5,188.35,2024-10-11,USA
1050,Bryan Cole,Coffee Maker,Home Appliances,3,82.1,2024-10-10,USA
1051,Andrew Johnson,Microwave,Home Appliances,5,655.08,2024-12-06,India
1052,Brandi Smith DDS,Water Bottle,Sports,3,301.5,2025-04-03,USA
1053,Charles Parks,Sneakers,Clothing,5,445.02,2025-01-16,Canada
1054,Angela Zhang,Bookshelf,Furniture,1,550.62,2025-06-08,Germany
1055,David Schmitt,Microwave,Home Appliances,3,328.96,2025-04-21,UK
1056,Melissa Guzman,Smartphone,Electronics,1,429.14,2025-09-01,India
1057,Samantha Middleton,T-shirt,Clothing,5,453.6,2025-09-08,France
1058,Alicia Garcia,Wireless Mouse,Electronics,3,126.36,2025-04-24,UK
1059,Heather Phelps,Blender,Home Appliances,5,344.35,2025-08-15,Germany
1060,David Cole,Sneakers,Clothing,5,414.89,2025-01-30,Australia
1061,Nathan Herring,Water Bottle,Sports,2,607.31,2024-12-16,France
1062,Joseph Bass,Blender,Home Appliances,2,83.7,2025-05-23,Australia
1063,Denise Harrington,Running Shoes,Sports,4,667.63,2025-04-10,Australia
1064,Andrew Martinez,Headphones,Electronics,5,431.37,2025-01-02,France
1065,Jerry Levine,Running Shoes,Sports,3,269.54,2025-08-10,UK
1066,Thomas Smith,Laptop,Electronics,5,493.83,2024-11-20,France
1067,Amber Butler,Laptop,Electronics,3,304.85,2024-11-02,USA
1068,Steve Webb,Coffee Maker,Home Appliances,4,614.91,2025-07-11,UK
1069,Warren Klein,Yoga Mat,Sports,5,70.73,2025-06-24,Australia
1070,Samantha Goodwin,Microwave,Home Appliances,4,514.38,2025-05-03,USA
1071,Natalie Lewis,Bookshelf,Furniture,5,217.92,2024-10-17,UK
1072,Nancy Andrews,Smartphone,Electronics,2,382.47,2024-11-02,Australia
1073,Joseph Thompson,Desk Lamp,Home Decor,3,650.55,2025-04-16,India
1074,Robert Thomas,T-shirt,Clothing,1,120.89,2025-04-03,Australia
1075,Andrea Harris,Yoga Mat,Sports,5,380.54,2024-12-19,India
1076,Noah Mclean,T-shirt,Clothing,3,399.64,2025-07-04,India
1077,Amy Hughes,T-shirt,Clothing,2,469.07,2025-09-11,USA
1078,Robert Lee,Microwave,Home Appliances,4,450.43,2025-07-10,Germany
1079,Tara Conner,Desk Lamp,Home Decor,2,206.27,2024-12-19,India
1080,Sarah Conway,Water Bottle,Sports,2,31.09,2025-05-28,UK
1081,Kristen Collins,Wireless Mouse,Electronics,4,177.71,2024-10-16,USA
1082,Danielle Fox,T-shirt,Clothing,3,374.12,2025-03-19,Germany
1083,Nancy Harris,Smartphone,Electronics,3,235.35,2025-09-12,USA
1084,Mrs. Ashley Nunez,Smartphone,Electronics,4,35.07,2025-07-05,India
1085,Michael Jones,Blender,Home Appliances,3,550.46,2025-01-09,USA
1086,Jessica Thornton,Office Chair,Furniture,4,350.74,2024-11-09,Australia
1087,Troy Smith,Headphones,Electronics,2,224.97,2025-03-30,USA
1088,Jennifer Santos,Yoga Mat,Sports,1,100.57,2025-05-15,France
1089,Vincent Shepherd,Desk Lamp,Home Decor,1,117.71,2025-03-27,Canada
1090,Lee Fisher,T-shirt,Clothing,1,129.68,2025-05-20,France
1091,Tommy Armstrong,Yoga Mat,Sports,2,443.02,2025-05-20,France
1092,Joann Suarez,Sneakers,Clothing,3,525.54,2025-03-17,Germany
1093,Heather Barnes,Yoga Mat,Sports,3,424.12,2025-05-11,Canada
1094,Austin Hernandez,Wireless Mouse,Electronics,4,414.52,2025-02-14,Canada
1095,Jennifer Howe,Wireless Mouse,Electronics,2,573.71,2024-11-16,France
1096,Alexander Evans,Bookshelf,Furniture,4,154.34,2025-07-26,Canada
1097,Jeremiah Hill,Microwave,Home Appliances,4,462.72,2025-07-12,Australia
1098,Richard Shaw,Microwave,Home Appliances,4,334.46,2025-04-14,USA
1099,Nicholas Smith,Coffee Maker,Home Appliances,4,303.03,2025-03-25,Australia
1100,Kenneth Wilson,Smartphone,Electronics,2,173.04,2025-08-04,USA
1101,Tony Price,Coffee Maker,Home Appliances,1,589.04,2024-11-19,France
1102,Virginia Lee,T-shirt,Clothing,4,662.2,2024-12-11,Canada
1103,Samantha Kline,Running Shoes,Sports,3,152.33,2025-05-15,India
1104,Thomas Owens,Coffee Maker,Home Appliances,2,147.02,2025-03-16,France
1105,Ian Rich,Office Chair,Furniture,2,556.23,2024-10-10,Canada
1106,Cynthia Johnson,Microwave,Home Appliances,3,563.17,2025-07-27,Germany
1107,Kristin King,Coffee Maker,Home Appliances,4,319.59,2025-05-17,USA
1108,Lisa Cohen,Sneakers,Clothing,5,141.71,2025-09-08,USA
1109,James Anderson,Bookshelf,Furniture,4,673.42,2025-07-27,USA
1110,Angela Johnson,Running Shoes,Sports,4,120.35,2025-07-06,France
1111,William Howard,Coffee Maker,Home Appliances,3,428.0,2025-02-11,India
1112,Dwayne Knight,Wireless Mouse,Electronics,2,336.42,2025-06-06,India
1113,Candice Boyd,Bookshelf,Furniture,2,434.74,2025-07-06,UK
1114,Roger Jones,Office Chair,Furniture,3,228.86,2025-08-04,UK
1115,Samuel Baker,Bookshelf,Furniture,4,404.04,2025-01-26,Canada
1116,Jamie Blair,Coffee Maker,Home Appliances,3,191.99,2025-01-21,USA
1117,Kelsey Rodriguez,T-shirt,Clothing,3,188.97,2024-10-04,UK
1118,Julie Thompson,Smartphone,Electronics,5,467.99,2024-12-24,Germany
1119,Jeffrey Compton,Sneakers,Clothing,5,301.97,2025-01-15,Canada
1120,James Elliott,T-shirt,Clothing,2,152.62,2025-02-09,Germany
1121,Nancy Randolph,Blender,Home Appliances,5,565.54,2025-09-15,UK
1122,Tyler Burch,Sneakers,Clothing,4,565.16,2025-07-21,Germany
1123,Sean Paul,T-shirt,Clothing,5,610.29,2024-11-14,Australia
1124,John Moore,Running Shoes,Sports,3,395.96,2025-09-09,USA
1125,Amy Schmidt,Water Bottle,Sports,4,461.01,2025-07-30,UK
1126,Christopher Salinas,Blender,Home Appliances,5,549.19,2025-02-22,Australia
1127,Samuel Moore,T-shirt,Clothing,5,338.17,2024-12-24,India
1128,Mike Johnson,T-shirt,Clothing,2,154.08,2024-12-14,Germany
1129,Laura Simpson,Coffee Maker,Home Appliances,2,396.78,2025-08-05,UK
1130,Carrie Hart,Water Bottle,Sports,1,405.27,2024-10-01,Germany
1131,David Wood,Yoga Mat,Sports,3,307.32,2025-07-15,Canada
1132,Julie Mcdowell,Desk Lamp,Home Decor,3,132.48,2025-06-21,Germany
1133,Leslie Bradley,Desk Lamp,Home Decor,4,565.5,2025-08-06,India
1134,Felicia Harvey,Coffee Maker,Home Appliances,2,199.45,2025-01-24,Canada
1135,Kelly Callahan,Smartphone,Electronics,3,418.28,2025-04-14,Canada
1136,Tina Watts,Coffee Maker,Home Appliances,2,152.88,2025-09-19,UK
1137,Christopher Mathews,Smartphone,Electronics,1,528.83,2025-05-20,France
1138,Raymond Whitaker,T-shirt,Clothing,4,99.09,2025-01-27,Australia
1139,Megan Jackson,Smartphone,Electronics,4,249.92,2025-09-05,Australia
1140,Christina Smith,Microwave,Home Appliances,1,313.09,2025-09-11,UK
1141,Elizabeth Scott,Microwave,Home Appliances,3,314.14,2025-04-06,Canada
1142,Courtney Marquez,Smartphone,Electronics,1,558.37,2025-01-04,Germany
1143,Jesse Welch,Microwave,Home Appliances,3,698.35,2025-08-19,UK
1144,Christina Weaver,Desk Lamp,Home Decor,5,58.57,2024-12-19,UK
1145,James Brown,T-shirt,Clothing,2,616.57,2025-06-23,France
1146,Charles Holt,Smartphone,Electronics,1,10.77,2025-07-27,UK
1147,Jacob Williamson,Wireless Mouse,Electronics,5,620.14,2025-01-11,USA
1148,Sandra Evans,T-shirt,Clothing,2,163.2,2025-07-23,USA
1149,Shelly Robinson,Yoga Mat,Sports,1,349.09,2025-06-27,USA
1150,Ann Fields,Sneakers,Clothing,3,227.95,2025-07-10,India
1151,Alisha Cross,Coffee Maker,Home Appliances,5,132.49,2025-04-08,UK
1152,Benjamin Thomas,Smartphone,Electronics,5,29.94,2025-08-19,Australia
1153,Patricia Alvarez,Blender,Home Appliances,2,295.41,2025-03-05,Canada
1154,David Riley,Desk Lamp,Home Decor,5,478.7,2024-11-20,Germany
1155,Daniel Moses,Headphones,Electronics,5,558.11,2025-09-16,France
1156,Dawn Trevino,Running Shoes,Sports,2,164.63,2024-12-23,India
1157,Sabrina Lopez,Laptop,Electronics,5,499.34,2025-06-04,Australia
1158,Thomas Quinn,Microwave,Home Appliances,1,536.59,2025-03-03,Canada
1159,Holly Miller,Water Bottle,Sports,1,236.31,2025-02-24,India
1160,Megan Chapman,Yoga Mat,Sports,3,161.18,2025-05-24,Germany
1161,Nicholas Allen,Blender,Home Appliances,1,141.94,2025-02-24,Australia
1162,Angela Hardy,Smartphone,Electronics,3,463.59,2025-09-09,India
1163,Sean Peters,Laptop,Electronics,4,359.55,2025-04-28,USA
1164,Meghan Roberson,Office Chair,Furniture,5,237.26,2025-01-02,USA
1165,Tony Perez,Blender,Home Appliances,3,419.35,2025-05-10,India
1166,William Knapp,Smartphone,Electronics,3,642.34,2025-06-12,Canada
1167,Dr. Brooke Riley,Wireless Mouse,Electronics,5,699.7,2025-08-29,UK
1168,Erica Hernandez,Headphones,Electronics,4,376.32,2024-10-16,Germany
1169,Amber Dunn,Headphones,Electronics,2,568.1,2025-05-27,India
1170,Heather Perkins,Coffee Maker,Home Appliances,5,653.84,2025-06-01,Canada
1171,April Simmons,Sneakers,Clothing,4,579.86,2024-12-24,India
1172,Carolyn Torres,Laptop,Electronics,1,216.6,2025-02-10,USA
1173,Rachel Waters,Headphones,Electronics,5,423.67,2025-04-29,France
1174,Desiree Vega,Smartphone,Electronics,2,305.3,2025-09-22,Canada
1175,Edward Garrett,Wireless Mouse,Electronics,4,22.01,2025-01-06,Germany
1176,Julie Parker,T-shirt,Clothing,4,358.21,2025-06-12,Germany
1177,Michael Butler,Bookshelf,Furniture,3,626.9,2025-09-03,Australia
1178,Katelyn Gardner,Desk Lamp,Home Decor,3,425.15,2025-04-29,India
1179,Margaret Nixon,Headphones,Electronics,5,346.51,2024-12-29,France
1180,Crystal Thomas,Coffee Maker,Home Appliances,3,534.88,2025-01-17,India
1181,Yvonne Estrada,Sneakers,Clothing,1,479.91,2025-08-05,France
1182,Christine Gray,Blender,Home Appliances,3,297.08,2025-04-04,France
1183,David Miller,Office Chair,Furniture,2,98.46,2025-06-17,Germany
1184,Matthew Jackson,Laptop,Electronics,1,544.12,2025-01-11,Australia
1185,Lisa Reid,Water Bottle,Sports,1,538.99,2025-05-05,Australia
1186,Katie Knight,Microwave,Home Appliances,3,103.07,2024-11-11,Canada
1187,Reginald Kelly,Running Shoes,Sports,5,683.62,2025-07-05,Germany
1188,James Gibbs,Office Chair,Furniture,2,654.25,2024-12-17,France
1189,Seth Palmer,Sneakers,Clothing,2,60.76,2024-11-03,Australia
1190,David Johnston,Desk Lamp,Home Decor,5,203.0,2025-05-08,France
1191,Stephanie Perry,Water Bottle,Sports,2,516.59,2025-06-03,Canada
1192,Steven Campbell,Water Bottle,Sports,5,524.92,2025-03-16,USA
1193,Julia Lindsey,Headphones,Electronics,3,165.49,2024-12-11,France
1194,Oscar Chandler,Sneakers,Clothing,5,613.96,2025-03-25,Germany
1195,Jacqueline Sanders,Coffee Maker,Home Appliances,5,593.23,2024-11-08,Canada
1196,Debra Perry,Laptop,Electronics,2,245.15,2024-12-02,UK
1197,Kenneth Shepard,T-shirt,Clothing,3,204.54,2025-04-13,Canada
1198,Eduardo Adams,Running Shoes,Sports,5,211.16,2025-03-18,Germany
1199,Marissa Cantrell,Laptop,Electronics,5,66.48,2025-03-08,Canada
1200,Karen Mcdowell,Coffee Maker,Home Appliances,2,522.55,2024-11-02,Canada
1201,Joseph Walker,Wireless Mouse,Electronics,4,637.2,2025-02-22,USA
1202,Becky Wright,Sneakers,Clothing,5,37.78,2024-12-08,UK
1203,Zachary Anderson,Coffee Maker,Home Appliances,1,170.98,2024-11-03,UK
1204,Wendy Garcia,Desk Lamp,Home Decor,3,424.36,2025-04-03,Australia
1205,Jordan Vega,Bookshelf,Furniture,2,298.09,2025-07-29,India
1206,Jack Dean,Laptop,Electronics,3,546.56,2024-12-07,Australia
1207,Robert Heath,Bookshelf,Furniture,3,317.53,2025-01-23,Germany
1208,Michael Scott MD,Office Chair,Furniture,2,175.59,2024-10-27,France
1209,Laura Watts,Water Bottle,Sports,1,610.66,2025-03-01,India
1210,Kevin Berger,Office Chair,Furniture,5,93.85,2025-01-07,USA
1211,Jeffrey Clark,Blender,Home Appliances,3,374.18,2024-12-01,Australia
1212,Christina Martin,Wireless Mouse,Electronics,3,398.08,2025-02-10,UK
1213,Robert Shelton,Smartphone,Electronics,5,211.35,2025-06-07,Australia
1214,Omar Fuentes,Running Shoes,Sports,3,281.27,2024-09-25,India
1215,Janice Ward MD,Sneakers,Clothing,5,684.62,2025-03-17,USA
1216,Andrew Aguilar,Coffee Maker,Home Appliances,4,441.76,2025-01-31,India
1217,Ryan Nichols,Microwave,Home Appliances,5,241.99,2025-04-17,India
1218,Johnathan Romero,Bookshelf,Furniture,3,439.69,2024-11-14,USA
1219,Craig Stanley,Yoga Mat,Sports,5,533.05,2025-05-10,India
1220,Amanda Reynolds,Office Chair,Furniture,2,315.04,2025-08-12,Australia
1221,Tina Ramos,Office Chair,Furniture,5,46.08,2025-04-14,Canada
1222,Kelli Newman,Water Bottle,Sports,5,71.88,2025-03-11,Germany
1223,Jennifer Gonzalez,Microwave,Home Appliances,1,623.75,2025-03-19,USA
1224,Cassandra Foley,Headphones,Electronics,1,185.69,2025-08-28,India
1225,Casey Marshall,Yoga Mat,Sports,4,652.1,2024-10-31,Australia
1226,Jeffrey Wood,Office Chair,Furniture,2,201.14,2025-06-14,USA
1227,Willie Fitzgerald,Water Bottle,Sports,1,141.76,2024-11-05,Germany
1228,Joshua Parker,Smartphone,Electronics,5,444.58,2025-01-11,USA
1229,Alexander Williams,Bookshelf,Furniture,2,386.61,2025-08-20,France
1230,Jasmine Wilson,Headphones,Electronics,2,141.85,2024-12-29,Germany
1231,Samantha Howard,Headphones,Electronics,1,329.78,2025-05-04,UK
1232,Kristine Price,Microwave,Home Appliances,3,125.58,2025-05-15,USA
1233,Gregory Rose,Water Bottle,Sports,4,256.8,2025-03-21,India
1234,Vanessa Villa,Smartphone,Electronics,1,85.76,2024-11-15,Canada
1235,Joseph Payne,Running Shoes,Sports,1,290.07,2025-01-28,UK
1236,Joshua Morris,Microwave,Home Appliances,3,134.29,2025-01-20,USA
1237,Daniel Martin,Smartphone,Electronics,3,214.18,2024-11-20,Australia
1238,Michael Gomez,Water Bottle,Sports,1,340.18,2025-03-31,UK
1239,Kimberly Smith,T-shirt,Clothing,5,73.99,2025-08-31,India
1240,Lori Bray,Sneakers,Clothing,5,89.33,2025-04-11,Australia
1241,Roberto Nolan,Microwave,Home Appliances,3,481.71,2025-09-03,Germany
1242,Gabriel Walker,Yoga Mat,Sports,4,134.3,2025-01-15,Australia
1243,Amber Vincent,Coffee Maker,Home Appliances,3,23.73,2025-08-07,Germany
1244,Robert Sparks,Water Bottle,Sports,4,434.91,2025-05-03,France
1245,Lucas Price,T-shirt,Clothing,4,409.89,2025-04-25,Australia
1246,Amber Rush,Yoga Mat,Sports,2,579.4,2025-05-17,UK
1247,John Nguyen,Wireless Mouse,Electronics,3,285.53,2025-03-03,France
1248,Derrick Silva,Desk Lamp,Home Decor,5,143.54,2025-08-24,UK
1249,Dana Osborne,Bookshelf,Furniture,5,673.74,2025-05-13,Germany
1250,Mark Jones,Laptop,Electronics,1,139.73,2025-03-26,Germany
1251,Steven Choi,T-shirt,Clothing,2,446.56,2025-07-22,India
1252,Victoria Frank,Yoga Mat,Sports,1,250.29,2025-05-19,Germany
1253,Laura Kelley,Desk Lamp,Home Decor,1,664.17,2025-03-08,India
1254,Anna Salazar,Water Bottle,Sports,5,98.44,2024-10-23,India
1255,Felicia Griffin,Running Shoes,Sports,2,202.37,2025-05-16,France
1256,Timothy Stanton,Water Bottle,Sports,3,280.25,2024-10-08,Canada
1257,Karen Johnson,Bookshelf,Furniture,1,679.87,2025-09-06,France
1258,Lisa Green,Smartphone,Electronics,2,302.88,2025-09-16,UK
1259,Todd Anderson,Running Shoes,Sports,5,381.31,2025-04-06,France
1260,Aaron Johnson,Sneakers,Clothing,5,583.44,2025-01-22,USA
1261,Terri Perry,Yoga Mat,Sports,5,396.16,2025-07-14,Canada
1262,Pamela Hernandez,T-shirt,Clothing,1,287.64,2024-12-23,France
1263,Zachary Robinson,Headphones,Electronics,2,515.59,2024-10-01,Germany
1264,Renee Pace,Smartphone,Electronics,3,64.33,2024-12-30,India
1265,Nathan Ramirez,Microwave,Home Appliances,1,313.54,2025-04-22,Canada
1266,Alexis Ellis,Yoga Mat,Sports,3,624.36,2025-08-24,Germany
1267,Philip Beck,Smartphone,Electronics,2,61.91,2025-05-25,UK
1268,Justin Jones,T-shirt,Clothing,5,228.3,2025-08-10,UK
1269,Renee Smith,T-shirt,Clothing,4,601.12,2024-12-18,France
1270,Austin Rojas,Bookshelf,Furniture,5,391.52,2025-08-08,France
1271,Elizabeth Lawson,Smartphone,Electronics,4,685.42,2025-03-19,UK
1272,Bruce Herman,Yoga Mat,Sports,4,282.12,2025-05-12,Australia
1273,Martha Schultz,Blender,Home Appliances,2,110.4,2025-02-12,USA
1274,Robert Baldwin,Microwave,Home Appliances,3,135.1,2024-11-01,Germany
1275,Nathan Horne,Wireless Mouse,Electronics,5,550.32,2025-09-11,UK
1276,Michael Wells,T-shirt,Clothing,2,160.46,2024-10-22,Canada
1277,Jill Salas,Smartphone,Electronics,1,180.11,2025-07-29,Australia
1278,Tracy Davis,Running Shoes,Sports,2,573.37,2025-08-25,USA
1279,Kelly Rojas,Coffee Maker,Home Appliances,5,365.24,2024-09-26,Australia
1280,George Miller,Yoga Mat,Sports,3,252.07,2025-08-20,France
1281,Allison Jones,Running Shoes,Sports,2,677.06,2025-07-02,India
1282,Elizabeth Dixon,Microwave,Home Appliances,3,537.77,2025-02-25,USA
1283,Daniel Davidson,Office Chair,Furniture,4,341.29,2025-06-27,Australia
1284,Melanie Chan,Water Bottle,Sports,5,364.33,2025-08-15,UK
1285,Susan Humphrey,Office Chair,Furniture,3,477.8,2025-02-28,Australia
1286,Alyssa Copeland,Sneakers,Clothing,4,317.33,2025-07-19,UK
1287,Adam Smith,T-shirt,Clothing,5,163.95,2025-03-29,India
1288,Charles Carpenter,Water Bottle,Sports,5,18.94,2025-01-05,France
1289,Mitchell Hicks,Blender,Home Appliances,5,565.14,2024-12-23,India
1290,Matthew Moyer,Running Shoes,Sports,3,270.44,2024-10-29,India
1291,Chad Norris,Sneakers,Clothing,4,458.26,2025-01-11,Australia
1292,Monica Phillips,Headphones,Electronics,1,641.57,2024-09-27,France
1293,Ryan Cooley,T-shirt,Clothing,5,288.57,2025-05-28,India
1294,Gary Parks,Running Shoes,Sports,4,539.46,2024-12-08,Australia
1295,Tracey Ballard,Blender,Home Appliances,3,192.43,2024-11-13,Germany
1296,Mr. John Estrada,Microwave,Home Appliances,1,507.94,2024-10-21,Australia
1297,Jamie Diaz,Yoga Mat,Sports,4,120.43,2025-03-21,Australia
1298,Samuel Rivas,Desk Lamp,Home Decor,2,14.7,2024-11-13,India
1299,Kristen Bryan,Laptop,Electronics,5,510.61,2024-11-11,India
1300,Mary Duran,Laptop,Electronics,1,205.01,2024-10-26,UK
1301,Richard Freeman,Headphones,Electronics,5,144.03,2025-06-03,India
1302,Patrick Mitchell DDS,Coffee Maker,Home Appliances,4,243.8,2024-11-10,USA
1303,Casey Davidson,T-shirt,Clothing,4,304.89,2025-09-24,France
1304,Ashley Lee,Coffee Maker,Home Appliances,5,327.11,2025-02-05,France
1305,Caroline Dean,Water Bottle,Sports,4,407.07,2024-11-23,UK
1306,Melissa Hall,Microwave,Home Appliances,3,686.73,2025-07-23,Australia
1307,Abigail Montoya,Laptop,Electronics,3,106.72,2025-09-14,Canada
1308,Tracy Oconnor,Headphones,Electronics,1,677.04,2025-02-05,UK
1309,Kevin Meyers,Bookshelf,Furniture,5,288.86,2025-04-06,Australia
1310,Timothy Zuniga Jr.,Smartphone,Electronics,1,476.19,2025-05-09,UK
1311,Robin Jones,Headphones,Electronics,5,184.98,2025-07-03,France
1312,Chad Forbes,Desk Lamp,Home Decor,4,76.72,2024-11-25,India
1313,Rachel Jones,Smartphone,Electronics,4,390.33,2025-02-21,USA
1314,Joseph Young,Water Bottle,Sports,5,393.25,2025-09-13,Germany
1315,Jennifer Lambert,Yoga Mat,Sports,1,566.11,2025-06-03,Canada
1316,Cory Edwards,Bookshelf,Furniture,4,573.89,2025-05-30,France
1317,Gary Harris,Smartphone,Electronics,5,356.86,2025-08-01,India
1318,Christopher Garrett,Laptop,Electronics,3,534.87,2025-02-26,Australia
1319,Michael Lee,Blender,Home Appliances,5,612.29,2024-10-09,Australia
1320,Sara Ramirez,Desk Lamp,Home Decor,3,116.66,2025-02-15,Canada
1321,Rhonda Atkins,Yoga Mat,Sports,4,560.64,2025-09-21,Australia
1322,Erin Hancock,Sneakers,Clothing,1,42.59,2024-11-15,Canada
1323,Anita Henry,Wireless Mouse,Electronics,3,510.0,2025-05-09,Australia
1324,Deborah Garcia,Microwave,Home Appliances,4,296.7,2024-10-25,France
1325,Stanley Jordan,Desk Lamp,Home Decor,5,150.4,2025-01-26,Australia
1326,Michelle Burns,Running Shoes,Sports,1,150.88,2025-06-29,Canada
1327,Wyatt Gray,Microwave,Home Appliances,1,366.98,2025-08-26,Australia
1328,James Greene,Blender,Home Appliances,3,597.21,2024-11-10,Canada
1329,Dr. Karen Watkins,Desk Lamp,Home Decor,2,38.11,2025-04-15,Canada
1330,Nathan Osborn,Wireless Mouse,Electronics,4,273.51,2024-12-20,UK
1331,Jasmine Sanders,Sneakers,Clothing,5,387.66,2024-11-29,Australia
1332,Jill Holt,Water Bottle,Sports,4,140.26,2025-02-15,Canada
1333,Tim Cochran,Headphones,Electronics,3,468.36,2025-03-09,Canada
1334,William Fitzpatrick,Laptop,Electronics,1,665.05,2024-11-28,Germany
1335,Michael Calhoun,Bookshelf,Furniture,1,345.12,2025-06-10,Germany
1336,Andres Ward,Sneakers,Clothing,3,390.44,2025-02-10,India
1337,Jonathan Webb,Running Shoes,Sports,1,356.64,2025-06-01,India
1338,Jamie Webb,Sneakers,Clothing,3,428.01,2025-04-02,UK
1339,Gary Macdonald,Microwave,Home Appliances,5,154.78,2025-02-18,UK
1340,Nicholas Gonzales,Yoga Mat,Sports,2,502.32,2025-04-29,Germany
1341,Christina Morris,Wireless Mouse,Electronics,3,564.45,2025-08-07,Canada
1342,Susan Oneal,Headphones,Electronics,2,343.89,2025-03-19,Germany
1343,William Hess,Microwave,Home Appliances,4,279.48,2024-12-23,Germany
1344,Kyle Lawrence,Water Bottle,Sports,4,690.44,2025-08-24,Germany
1345,Mary Thompson,Microwave,Home Appliances,3,475.19,2024-11-04,UK
1346,Mckenzie Carrillo,Coffee Maker,Home Appliances,1,403.38,2025-05-05,India
1347,Sarah Schwartz,Office Chair,Furniture,2,558.8,2024-09-30,USA
1348,Kathryn Davis,Desk Lamp,Home Decor,3,536.29,2024-12-14,France
1349,Cindy Sims,Sneakers,Clothing,2,331.88,2025-08-16,Australia
1350,Jason Parsons,Wireless Mouse,Electronics,1,378.41,2024-10-10,Australia
1351,Terry Owens,Water Bottle,Sports,3,522.29,2025-02-13,Canada
1352,Angela Miller,Coffee Maker,Home Appliances,2,419.57,2025-05-13,Australia
1353,Yesenia Lam,Headphones,Electronics,4,223.81,2025-03-20,Canada
1354,Steven Gutierrez,Headphones,Electronics,1,370.33,2024-12-21,Germany
1355,Joseph Rasmussen,Headphones,Electronics,4,279.34,2025-06-09,USA
1356,Rhonda Santiago,Blender,Home Appliances,4,345.4,2024-10-04,USA
1357,Micheal Graham,Office Chair,Furniture,1,181.08,2025-07-04,Germany
1358,Ashley Stark,Desk Lamp,Home Decor,3,77.59,2025-09-15,UK
1359,Bailey Stevenson,Microwave,Home Appliances,1,491.35,2025-03-27,Canada
1360,Bobby Hatfield,Yoga Mat,Sports,3,554.67,2025-07-26,Canada
1361,Linda Lambert,Blender,Home Appliances,1,653.38,2025-03-21,Australia
1362,Joseph Castillo,Running Shoes,Sports,2,571.37,2024-10-20,Australia
1363,Bobby Walsh,Yoga Mat,Sports,3,59.99,2025-09-01,India
1364,James Nguyen,Laptop,Electronics,5,466.84,2025-07-27,USA
1365,Edward Parker,Coffee Maker,Home Appliances,1,520.98,2024-10-02,Canada
1366,Virginia Stuart,Running Shoes,Sports,5,319.38,2024-12-31,India
1367,Shannon Fernandez,Laptop,Electronics,1,459.91,2024-12-09,France
1368,Stacy Sullivan,Yoga Mat,Sports,1,552.81,2025-05-02,Canada
1369,Lisa Dickerson,Blender,Home Appliances,2,327.53,2024-10-22,France
1370,Kenneth Charles,Smartphone,Electronics,3,338.07,2025-01-30,Germany
1371,Dustin Sanchez,Sneakers,Clothing,4,468.03,2025-06-19,UK
1372,William Donaldson,Sneakers,Clothing,1,202.48,2025-09-05,France
1373,Matthew Mathews,Microwave,Home Appliances,1,281.07,2024-12-06,USA
1374,Joseph Torres,T-shirt,Clothing,2,85.67,2025-07-12,Germany
1375,Jay Wise,Wireless Mouse,Electronics,2,287.03,2024-12-21,India
1376,Joseph Sanchez,Laptop,Electronics,5,650.67,2025-06-01,USA
1377,Ms. Jillian Rivers,Office Chair,Furniture,2,413.12,2025-04-13,Australia
1378,Jennifer Williams,Coffee Maker,Home Appliances,4,228.33,2025-01-31,Canada
1379,Kimberly Lewis,Office Chair,Furniture,2,391.61,2025-05-12,USA
1380,Brian Webb,Water Bottle,Sports,5,644.06,2025-01-05,Germany
1381,Aaron Kim,Microwave,Home Appliances,5,308.41,2025-03-26,USA
1382,John Bennett,Coffee Maker,Home Appliances,5,527.81,2024-09-27,Germany
1383,Jennifer Johnston,Yoga Mat,Sports,5,635.06,2025-07-12,France
1384,Adam Jones,Yoga Mat,Sports,1,550.16,2025-02-26,UK
1385,Martin Smith,Laptop,Electronics,5,74.29,2024-12-06,UK
1386,Elizabeth Whitaker,Office Chair,Furniture,2,449.27,2025-05-29,Germany
1387,Christopher Arellano,Smartphone,Electronics,3,98.43,2025-01-08,USA
1388,James Barnett,Laptop,Electronics,1,578.73,2025-08-08,India
1389,Michael Mccullough,Running Shoes,Sports,1,250.19,2025-05-02,Canada
1390,Marc Cook,Running Shoes,Sports,2,223.4,2025-09-23,France
1391,Michael Cruz,Running Shoes,Sports,4,637.38,2025-09-15,Canada
1392,Crystal Jones,Sneakers,Clothing,2,119.63,2024-10-20,USA
1393,James Cohen,Running Shoes,Sports,2,160.15,2025-01-05,Germany
1394,Keith Hensley,Sneakers,Clothing,5,40.56,2025-04-09,Australia
1395,Katherine Perez,Water Bottle,Sports,1,412.12,2024-11-05,India
1396,Bryan Wells,T-shirt,Clothing,3,354.42,2025-04-19,USA
1397,Hannah Stark,Blender,Home Appliances,4,249.63,2025-08-25,Australia
1398,Alexander Gutierrez,Headphones,Electronics,1,535.6,2025-05-22,France
1399,Andrew Campbell,Bookshelf,Furniture,3,96.57,2025-03-27,France
1400,Kari Kirk,Office Chair,Furniture,2,495.3,2025-06-20,Australia
1401,Rita Wright,Bookshelf,Furniture,1,153.61,2025-06-26,India
1402,Tina Craig,Bookshelf,Furniture,1,654.75,2025-06-09,India
1403,Jason Sanchez,Sneakers,Clothing,5,73.23,2025-06-17,Germany
1404,Matthew Pena,Water Bottle,Sports,5,362.01,2025-05-01,UK
1405,Peter Hanson,Bookshelf,Furniture,1,165.59,2025-01-11,India
1406,Nathan Rose,Microwave,Home Appliances,3,573.58,2025-01-12,India
1407,William Brown,Bookshelf,Furniture,4,494.24,2024-11-07,USA
1408,Anthony Thomas,Smartphone,Electronics,2,389.94,2025-04-14,UK
1409,Howard Holmes,Running Shoes,Sports,1,247.2,2025-08-19,UK
1410,Kenneth Brown,Microwave,Home Appliances,1,63.46,2025-09-04,Australia
1411,Teresa Wagner,Sneakers,Clothing,3,556.33,2024-11-22,Australia
1412,Stacy Skinner,Coffee Maker,Home Appliances,4,561.61,2025-01-30,India
1413,Cory Cox,Wireless Mouse,Electronics,2,661.91,2025-08-25,Canada
1414,Allison Griffith,Desk Lamp,Home Decor,2,426.42,2025-02-22,Germany
1415,Nicholas Jackson,Coffee Maker,Home Appliances,2,103.04,2025-07-22,UK
1416,Danny Shepard,Yoga Mat,Sports,3,181.1,2025-02-01,India
1417,Lynn Smith,Blender,Home Appliances,5,296.19,2025-09-16,UK
1418,Joseph Thomas,Blender,Home Appliances,4,261.58,2025-03-22,France
1419,Jacqueline Merritt,Water Bottle,Sports,3,51.65,2024-10-28,India
1420,Tammy Moore,T-shirt,Clothing,3,494.11,2024-12-08,USA
1421,Yvonne Merritt,Yoga Mat,Sports,2,42.57,2025-01-03,France
1422,Ashley Odom,Wireless Mouse,Electronics,4,265.82,2025-02-08,Canada
1423,Kaitlin Wu,Microwave,Home Appliances,4,652.63,2025-02-23,USA
1424,Paul Jimenez,Coffee Maker,Home Appliances,3,51.28,2025-06-07,Canada
1425,Amanda Cooper,Coffee Maker,Home Appliances,5,345.26,2025-03-08,USA
1426,Ryan Harrington,Smartphone,Electronics,1,46.63,2025-07-01,India
1427,Betty Smith,Wireless Mouse,Electronics,2,298.94,2025-03-18,Germany
1428,Laura Patel,Desk Lamp,Home Decor,3,580.69,2024-10-19,Australia
1429,Diane Adkins,Wireless Mouse,Electronics,5,450.49,2025-03-16,Canada
1430,Sherry Bennett,Laptop,Electronics,4,222.76,2025-08-10,UK
1431,Sharon Wood,Wireless Mouse,Electronics,4,224.85,2025-07-18,Australia
1432,Tammy Washington,Coffee Maker,Home Appliances,2,442.65,2025-09-16,Australia
1433,Amy Day,Microwave,Home Appliances,4,105.05,2025-01-07,Germany
1434,Richard Davis,Blender,Home Appliances,5,146.94,2025-08-06,USA
1435,Bryan Rivera,T-shirt,Clothing,3,666.04,2025-06-25,India
1436,David Hayes,Bookshelf,Furniture,3,670.48,2025-03-29,Australia
1437,Anthony Rodriguez,Yoga Mat,Sports,2,201.8,2024-12-08,France
1438,Chase Navarro,Office Chair,Furniture,3,605.11,2025-03-07,Canada
1439,Valerie Wood,T-shirt,Clothing,4,253.26,2025-02-07,UK
1440,John Schmidt,Running Shoes,Sports,3,258.83,2025-04-14,USA
1441,Linda Taylor,Laptop,Electronics,4,559.75,2025-05-18,India
1442,Megan Clarke,Headphones,Electronics,3,153.73,2025-03-18,Germany
1443,Matthew Berry,Office Chair,Furniture,3,435.21,2025-04-03,Canada
1444,Kim Ashley,Bookshelf,Furniture,4,293.21,2025-04-04,India
1445,Edwin Osborne,Bookshelf,Furniture,1,331.09,2024-12-17,UK
1446,Charles Allen,Running Shoes,Sports,3,301.03,2025-05-22,France
1447,William Jones,Headphones,Electronics,2,119.32,2025-05-07,UK
1448,Ashley Weaver,Coffee Maker,Home Appliances,4,216.13,2025-01-09,France
1449,Patricia Miller,Desk Lamp,Home Decor,5,312.99,2024-10-04,USA
1450,Dalton Bowman,T-shirt,Clothing,3,131.01,2025-03-14,Canada
1451,Bryan White,Wireless Mouse,Electronics,4,283.91,2025-08-07,Australia
1452,David Perez,Desk Lamp,Home Decor,4,558.23,2025-05-10,Germany
1453,Wanda Robertson,Smartphone,Electronics,3,420.12,2025-06-13,France
1454,Cesar Brown,Water Bottle,Sports,5,648.25,2024-12-19,USA
1455,Brian Lane,Sneakers,Clothing,2,461.93,2025-01-22,UK
1456,Paul Wyatt,Microwave,Home Appliances,3,105.83,2025-05-25,USA
1457,Alejandro Delgado,Headphones,Electronics,5,145.19,2025-03-16,Canada
1458,Theresa Rodriguez,Blender,Home Appliances,5,641.65,2025-03-17,Australia
1459,Zachary Houston,Smartphone,Electronics,2,289.8,2025-01-22,Germany
1460,Gina Murphy,Sneakers,Clothing,1,305.87,2025-09-14,Canada
1461,Alexander Vargas,T-shirt,Clothing,4,368.53,2025-02-26,USA
1462,Erica Rich,Microwave,Home Appliances,2,67.16,2025-01-23,Canada
1463,Amber Brown,Smartphone,Electronics,3,582.25,2025-08-17,Australia
1464,Rebecca Castillo MD,Running Shoes,Sports,4,655.23,2025-05-03,UK
1465,Stanley Copeland,Blender,Home Appliances,2,48.24,2025-02-19,USA
1466,Ronald Cunningham,Sneakers,Clothing,2,407.81,2024-12-25,Australia
1467,Joseph Jackson,Smartphone,Electronics,5,146.64,2025-06-07,India
1468,Anita Hunter,Smartphone,Electronics,3,666.15,2025-06-20,Canada
1469,Carrie Anderson,Coffee Maker,Home Appliances,4,671.78,2025-01-20,USA
1470,Dr. Dawn Hernandez,Headphones,Electronics,5,99.46,2025-07-24,Germany
1471,Kyle Hughes,Blender,Home Appliances,3,306.16,2025-02-06,USA
1472,Ashley Patrick,Water Bottle,Sports,1,487.11,2025-04-04,USA
1473,Ernest Miller,T-shirt,Clothing,2,540.13,2025-03-03,USA
1474,Mrs. Bianca Garcia MD,Wireless Mouse,Electronics,1,169.08,2024-11-20,Germany
1475,Jason Carr,Headphones,Electronics,5,261.28,2025-05-13,France
1476,Elizabeth Mayo,Laptop,Electronics,1,90.77,2024-10-13,Canada
1477,Robert Keller,Laptop,Electronics,3,175.73,2025-08-11,Germany
1478,Brent Davis,Smartphone,Electronics,4,80.6,2025-08-08,Australia
1479,Jennifer Smith,Office Chair,Furniture,4,636.9,2025-04-19,USA
1480,Yvette Brown,Wireless Mouse,Electronics,2,656.08,2024-10-29,Australia
1481,Collin Beasley,Bookshelf,Furniture,2,680.94,2024-12-30,Canada
1482,Gabriel Castillo,T-shirt,Clothing,2,669.07,2024-10-23,Australia
1483,Roberto Mitchell,Wireless Mouse,Electronics,2,208.25,2025-02-01,Canada
1484,Donald Wang,Yoga Mat,Sports,2,195.87,2025-02-04,USA
1485,Christine Glover,Wireless Mouse,Electronics,1,347.89,2025-05-30,Germany
1486,Joshua Carroll,Headphones,Electronics,3,222.46,2025-07-14,UK
1487,Willie Jenkins,Laptop,Electronics,5,562.77,2024-10-16,UK
1488,Toni Lynch,Desk Lamp,Home Decor,1,194.15,2025-07-12,USA
1489,Brian Rollins,Water Bottle,Sports,3,505.79,2024-10-05,UK
1490,Makayla Garcia,Coffee Maker,Home Appliances,2,680.91,2025-09-17,India
1491,Carlos Singleton,Microwave,Home Appliances,3,302.17,2025-01-08,Australia
1492,Sean Harrell,T-shirt,Clothing,5,342.58,2024-11-25,France
1493,Jessica Barrera,Headphones,Electronics,2,328.26,2025-04-13,India
1494,Thomas Smith,Yoga Mat,Sports,2,651.8,2024-09-26,France
1495,Kaitlin Abbott,Coffee Maker,Home Appliances,2,29.47,2025-03-21,India
1496,Joshua Cline,Yoga Mat,Sports,1,429.18,2024-12-05,UK
1497,Larry Hunt,Desk Lamp,Home Decor,2,424.42,2024-12-03,Australia
1498,Charles Bradford,Coffee Maker,Home Appliances,2,79.99,2025-01-24,Canada
1499,Richard Howe,T-shirt,Clothing,3,419.82,2025-02-22,UK
1500,Amber Roman,Microwave,Home Appliances,5,280.06,2024-11-13,Australia
